Gene,DN1,DN2,DN3a,DN3b,DN4
Atxn2l,-1.477394085,-1.318504533,-0.956124851,-1.244634828,-1.577745381
Bcl11b,-4.901417483,-1.70457827,-1.209790628,-1.628850208,-1.571241131
Ccdc88c,-0.773436153,-1.000863782,-0.797790018,-1.143584046,-1.113128543
Cebpb,-2.937133775,-3.427275524,-4.150641118,-4.330437191,-3.563864788
Dtx1,-2.363830536,-2.24210813,-0.771218296,-1.615841707,-2.866516196
Elf4,-0.400476007,-0.609541207,-0.566798989,-0.599320242,-0.563082274
Erg,-1.277620671,-1.462062637,-1.640000352,-3.15734912,-5.220125767
Esr1,-1.635361939,-1.654343154,-1.328804106,-2.02481849,-1.94159651
Ets1,-0.800952013,-0.419988759,-0.045529755,0.06318415,-0.016725216
Ets2,-2.352680392,-2.547807913,-1.4811108,-1.68367175,-1.621416779
Etv6,-0.678300429,-1.03371127,-0.925461955,-1.356600858,-1.436510224
Foxp1,-0.997008713,-1.419320418,-0.988646105,-1.437439402,-1.23673681
Gata3,-1.32864373,-0.987225576,-0.838094351,-0.739660136,-1.312007994
Gfi1,-1.133597977,-1.13173962,-1.030459145,-1.102935081,-1.143818943
Gfi1b,-0.85205684,-1.053688612,-2.059059932,-2.375909859,-2.073926791
HEBalt,-4.901417483,-1.747320489,-1.343592357,-1.949416849,-2.398210147
Id1,-3.773394578,-2.755479345,-2.513892891,-3.56990445,-2.152442389
Id2,-2.148261085,-2.258833346,-2.335955176,-2.733643647,-3.463978081
Id3,-3.156419941,-3.01053889,-2.248612381,-1.752430971,-2.634221529
Ikzf1,-0.361450503,-0.564940631,-0.531490199,-0.221144523,-0.675512893
Ikzf2,-0.787014333,-0.475739479,-0.618832994,-0.572374061,-0.666221106
Ikzf3,-1.882515985,-2.747581327,-1.312000282,-0.567728167,-0.217427809
Ikzf4,-2.140051466,-2.488613192,-1.679863883,-2.484320293,-2.900668437
Klf13,-0.739164698,-0.82720447,-0.538947044,-0.679160941,-0.435364807
Lef1,-1.999127908,-1.931762455,0.065971686,0.042742219,-0.697348592
Myst3,-0.58241746,-0.703474574,-0.530608687,-0.703660038,-0.755803036
Nfe2,-2.241178952,-2.179853159,-2.082289399,-2.181711517,-2.160804997
Pou6f1,-3.505791121,-2.860941124,-1.446731189,-1.584249632,-1.344521535
Rnf149,-1.316247929,-1.55475174,-1.541762008,-1.615641933,-1.960891927
Runx1,-0.249019884,-0.087342795,0.419988759,-0.173756411,-1.329654677
Runx2,-0.567404441,-0.878750099,-1.082422997,-1.636658375,-2.274783627
Runx3,-0.303841425,-0.511048268,-0.632770674,-1.150323193,-2.009813463
Sbf1,-0.413051604,-0.51773724,-0.363171713,-0.538665131,-0.426846376
Sfpi1,-0.296407996,-0.752634723,-2.029326215,-2.692759785,-3.777111293
SpiB-1,-3.505791121,-3.299513457,-1.975433852,-3.947150989,-3.346901569
Tcf12,-0.685733858,-0.571444882,-0.116147334,-0.096634582,-0.171898054
Tcf7,-0.05575072,0.360521324,0.540781986,0.752634723,0.798164477
Tcfe2a,-0.380034076,-0.484102087,-0.662504392,-0.458085084,-0.341008572
Thrap3,-1.604138051,-2.203004854,-2.608157696,-2.407471828,-1.956778082
Tsc22d1,-0.690971824,-1.386933896,-1.434939354,-1.92254779,-1.590227224
Unk,-0.873946617,-1.088570165,-0.915163403,-0.97986899,-0.823662069
Zbtb7a,-2.641654958,-2.498561443,-1.974504673,-2.322946675,-2.436771062
Zfp109,-3.113677723,-2.85722441,-2.369405608,-2.791717314,-3.325530459
Zfp287,-2.055594468,-1.842470754,-1.461677214,-1.986185146,-4.387857924
Zfp316,-1.815127349,-2.054698275,-2.53872835,-2.67472833,-5
Zfp358,-1.043374357,-0.907083916,-0.699228785,-1.153784755,-1.500688687
Zfp407,-2.084147756,-2.315513245,-2.270912669,-2.125960797,-2.453031688
Zfp422,-0.682362334,-0.845287867,-0.474599748,-0.687149741,-0.796808155
Zkscan1,-1.000304974,-1.263451161,-0.814321779,-1.158054889,-1.135369271
Zscan21,-1.274803634,-1.345032862,-1.009382399,-1.210121044,-1.33973738
Sox4,-0.564011453,-0.955195673,-1.155898265,-1.10386426,-0.987716926
Bcl11a,-2.462323475,-3.053281109,-3.30415935,-3.609859132,-4.339264388
Mitf,-4.315105743,-2.323875853,-2.321088317,-2.350822035,-2.873949626
Fog1,-1.325008783,-1.371467717,-1.465314762,-1.345450714,-1.115943582
CEBPa,-2.642584137,-4.89677159,-4.057723251,-4.095819577,-4.395944287
cMyb,-0.824,-0.569,-0.959,-0.854,-1.071
Dtx3L,-3.699,-3.921,-3,-2.886,-4.77
Eva1,-3.456,-2.409,-1.319,-2,-2.553
Fkbp5,-2,-1.959,-1.409,-1.387,-1.658
Scl,-2.06,-2.569,-4.301,-4.523,-5.523
Zfp30,-3.602,-4.097,-3.824,-4.523,-5.523
Ddx19b,-2.328,-2.208,-1.959,-2.114,-2.585
Helz,-1.824,-1.745,-1.523,-1.854,-2.125
Tmem131,-1.066,-0.959,-0.337,-0.854,-1.149
Rik,-2.840034604,-2.751298041,-2.56788054992784,-3.08040332942904,-3.1712868
Aff3,-0.774935011,-0.7405554,-0.88242755271084,-1.05855109632214,-1.661371462
Arid1a,-0.872498771,-0.788872691,-0.71789328698328,-0.86117746850031,-1.227445023
Bahd1,-1.462527226,-1.141031407,-1.09853225965899,-1.31778809969718,-1.944770956
Brd3,-0.438572332,-0.271320172,-0.14898127522453,-0.17871641896938,-0.50268566
Brd4,-0.433926439,-0.437643153,-0.25948936355433,-0.31128079515484,-0.669008642
Cbx4,-0.835331624,-0.511977447,-0.26440083414677,-0.31717254520753,-1.001654606
Cep170,-1.216294879,-1.066697113,-0.85295872915623,-1.02320059600601,-1.288770815
Ctbp1,-0.380034076,-0.31406239,-0.17026431416476,-0.20424733551209,-0.564940631
Cutl1,-1.4811108,-1.316646175,-1.06087765148999,-1.27261801560764,-1.283195743
Dmtf1,-1.73942247,-1.869042894,-1.47016686899458,-1.76359718842624,-1.875082556
Elk3,-0.425563831,-0.69874236,-0.93236083736093,-1.11845055554339,-1.726413969
Elk4,-0.524985948,-0.477597836,-0.38145755052046,-0.45759258883444,-1.04811354
Fli1,-1.05461779,-0.984000211,-1.06742627865291,-1.28047368199229,-1.40398897
Foxj3,-1.051830254,-0.982141854,-0.70356816500932,-0.84399319821784,-1.325008783
Foxp4,-1.143818943,-1.238595167,-0.66141137517027,-0.79342234289441,-1.454164618
Fus,-0.375388183,-0.538923629,-0.40519632563788,-0.4860693814603,-0.744272115
Gabpa,-0.978425139,-0.936612099,-0.68351299283623,-0.8199352181315,-1.181915268
Gata2,-1.807252513,-2.783819295,-2.84374148271093,-3.4113232921307,-4.022414462
Gse1,-1.345450714,-1.25067449,-1.00357716095125,-1.20388093130736,-1.210255217
Hes1,-0.27968278,-0.292691281,-0.20710034360803,-0.24843546090724,-1.804464977
Hmga1,-1.017450643,-0.759138973,-0.53944318820414,-0.64711054921481,-0.623478887
Jmjd3,-1.247886954,-1.360317573,-0.86155380269299,-1.03351115859822,-1.161473337
Klf2,-2.134323405,-2.680215873,-1.96704397931825,-2.35964590455563,-3.448182044
Lima1,-2.624000564,-3.172215979,-2.84374148271093,-3.4113232921307,-3.592204738
Mlf2,-1.198640484,-1.154039908,-0.8521401504305,-1.02221863731163,-1.022096537
Mll1,-0.462730978,-0.362379681,-0.042566078761433,-0.051061834142223,-0.646708354
Mll2,-1.479252442,-1.489473408,-0.97492691612236,-1.16951238968561,-1.743139185
Mta2,-1.194923769,-1.049971897,-0.85705162102294,-1.02811038736432,-1.137314692
Mta3,-1.424430901,-1.384476218,-0.89225049389572,-1.07033459642751,-1.827694444
Mybl2,-2.226312093,-1.965212887,-1.67890437005407,-2.01399656672225,-1.73942247
Nasp,-0.276895244,-0.311274854,-0.053207598672033,-0.063827292941979,-0.493393874
Ncor1,-0.536136092,-0.465518514,-0.28813960926419,-0.34564933783338,-0.734051149
Ncor2,-0.706175789,-0.867852878,-0.46413397274711,-0.55677038209254,-1.070413828
Per1,-1.851853089,-1.901099558,-1.52992309482954,-1.83528014775287,-2.079501863
Pou2f1,-0.889688576,-0.883648915,-0.63357970818614,-0.76003575891025,-1.074130542
Ptma,0.713609218,0.829756552,0.81366696441675,0.97606659558452,0.805597907
Rara,-1.876940913,-2.245824845,-1.68299726192077,-2.01890635808055,-2.292283779
Rbak,-1.407705685,-1.590753883,-1.23277912310621,-1.47882926850849,-1.941054241
Rreb1,0.297337174,0.347512823,0.24311779520654,0.29164162866482,-0.758209795
Saps1,0.101280475,0.005575072,0.072034902316047,0.086412334458346,-0.257382492
Satb1,-1.252532847,-1.294345887,-0.86851171965927,-1.04185780485846,-0.780510083
Stat5b,-0.199773414,-0.107784726,0.066304852997882,0.079538625711277,-0.556578023
Tbx21,-3.589417202,-3.846799693,-2.62681819791803,-3.15110433111808,-2.41028947
Tfdp1,-1.624204315,-1.523853019,-1.1009879949552,-1.32073397472352,-1.62792103
Tle3,-0.054821542,-0.039025504,0.15389274581697,0.18460816902207,-0.484102087
Tox,-0.301983068,-0.361450503,-0.23984348118459,-0.28771379494409,-1.03417586
Trim14,-3.416589969,-3.76503197,-3.31769839664292,-3.97987717432862,-3.797088634
Trim25,-1.567524416,-1.857428161,-1.448474540251,-1.73757529200794,-1.484827514
Trim44,-0.799093656,-0.814889693,-0.64995127741491,-0.77967492645708,-1.101076724
Yy1,-0.805597907,-0.916170168,-0.61966387513457,-0.74334246744657,-0.628124781
Zbtb20,-1.62792103,-1.731059862,-1.44233520201045,-1.73021060444208,-2.886493538
Zbtb48,-1.764510294,-1.876011734,-1.36948172184965,-1.64281631234615,-2.038618002
Zfp1,-1.409564042,-1.539649056,-1.05105471030512,-1.26083451550227,-1.718051361
Zfp110,-1.171694303,-1.227445023,-0.9421837785458,-1.13023405564877,-1.415139114
Zfp238,-0.53799445,-0.629053959,-0.53371313976694,-0.64023684152455,-1.04068011
Zfp28,-2.547807913,-2.830278228,-2.18928802362597,-2.62624759443973,-3.518799623
Zfp382,-1.893666119,-1.586107987,-1.21477040083083,-1.45722618885692,-1.609337454
Zfp384,-2.463252654,-2.686255535,-2.19297162745127,-2.63066640803605,-2.559422646
Zfp426,-0.955195673,-0.927320313,-0.67205289508087,-0.80618780169417,-1.273903956
Zfp598,-1.363105109,-1.601439437,-1.05842191619377,-1.2696721405813,-1.22976797
Zfp748,-1.742210006,-1.680884214,-1.46361824183166,-1.75574152204159,-2.163127943
Zfp771,-1.563807701,-1.533144805,-1.12390819134689,-1.34822880865499,-1.952204385
Zkscan5,-2.348963677,-2.246754024,-1.93020794899402,-2.31545777810368,-2.525507625
Zscan22,-2.255116632,-2.582652113,-2.15613559712703,-2.58647828158409,-2.309008995
CD3e,-3.6198,-0.5528,0.1461,-0.2518,-3.12858421210162
IL2Rb,-2.8539,-2.301,-3.699,-2.4318,-6.46448305481785
Notch3,-2.0132,-0.7959,0.0414,-0.9208,-1.18973501102027
pTa,-3.7212,-1.3098,-0.1739,-0.699,-1.86350264860225
Rag1,-2.0506,-0.8861,0.6021,-0.3279,-0.8665577810702
Sox13,-1.5229,-1.1549,-1.0605,-1.1871,-1.23593270098328
Zap70,-3.699,-2.0177,-1.6383,-1.3468,-1.75663781907349
Bcl2,-1.6021,-0.8861,-1.0269,-1.3468,-2.29046300142543
CD3g,-4.3098,0.0414,0.2553,0.0414,-0.00716402209867
cKit,-0.9208,-1.1549,-1.3372,-1.7696,-2.01180355052104
GAPDH,0.5185,0.7076,0.7634,0.9031,0.53904266486089
IL2UP,-4.3098,-3.9208,-3.4815,-4.6383,-5.37239821849337
IL7Ra,-2.2007,-0.9208,-0.9208,-1.2924,-1.26518864694719
Lat,-1.699,-0.4949,-0.0655,-0.4202,-0.86864598789898
Lck,-1.1249,-0.2518,-0.0088,-0.1367,-0.42895028398489
Notch1,-0.699,-0.3468,-0.0757,-0.4949,-0.61126146264778
TCR-Ca,-4.7696,-3.585,-3.1739,-2.0655,-3.50692363247797